user,type,source,group
sisips,local-user,passwd,none
dcscaf,local-user,passwd,none
dcscaf,local-user,group:sisips,sisips
root,local-user,group:avdefs,avdefs
sisips,local-user,group:dcscaf,dcscaf
ftrincal,local-user,group:A350XWB,A350XWB
odallaro,local-user,group:A350XWB,A350XWB
laudoune,local-user,group:A350XWB,A350XWB
rracaud,local-user,group:A400M,A400M
ehatchon,local-user,group:A400M,A400M
dgourion,local-user,group:A400M,A400M
jpouzet,local-user,group:A400M,A400M
pdubois,local-user,group:A400M,A400M
bbidenne,local-user,group:A400M,A400M
nammour,local-user,group:A400M,A400M
mroux,local-user,group:A400M,A400M
ssevestr,local-user,group:A400M,A400M
dbonnefi,local-user,group:A400M,A400M
lluu,local-user,group:A400M,A400M
cimbert,local-user,group:A400M,A400M
acradm,local-user,group:ACR_SVN,ACR_SVN
nmoutrou,local-user,group:ACR_SVN,ACR_SVN
mvenier,local-user,group:ACR_SVN,ACR_SVN
odallaro,local-user,group:ACR_SVN,ACR_SVN
ravsec,local-user,group:ACR_SVN,ACR_SVN
nane,local-user,group:AMEX_SVN,AMEX_SVN
odallaro,local-user,group:AMEX_SVN,AMEX_SVN
lvidal,local-user,group:AMEX_SVN,AMEX_SVN
dnottin,local-user,group:AMEX_SVN,AMEX_SVN
olafourc,local-user,group:AQ,AQ
pcazalbo,local-user,group:ATEC,ATEC
scolombi,local-user,group:ATEC,ATEC
tgiraldi,local-user,group:ATEC,ATEC
ajeanjea,local-user,group:ATEC,ATEC
E40050791,local-user,group:ATSU,ATSU
jfernand,local-user,group:ATSU,ATSU
bfavreau,local-user,group:ATSU,ATSU
fbousson,local-user,group:ATSU,ATSU
E40063586,local-user,group:ATSU,ATSU
pmonnie,local-user,group:ATSU,ATSU
lnavarro,local-user,group:ATSU,ATSU
dvivier,local-user,group:ATSU,ATSU
egomez,local-user,group:ATSU,ATSU
prouquie,local-user,group:ATSU,ATSU
mfremau2,local-user,group:ATSU,ATSU
cchadebe,local-user,group:ATSU,ATSU
lvidal,local-user,group:ATSU,ATSU
ajeanjea,local-user,group:ATSU,ATSU
fcrestey,local-user,group:ATSU,ATSU
tteres,local-user,group:ATSU,ATSU
abrossar,local-user,group:ATSU,ATSU
lkaman,local-user,group:ATSU,ATSU
fbousson,local-user,group:ATSUMGT,ATSUMGT
dvivier,local-user,group:ATSUMGT,ATSUMGT
egomez,local-user,group:ATSUMGT,ATSUMGT
ajeanjea,local-user,group:ATSUMGT,ATSUMGT
abrossar,local-user,group:ATSUMGT,ATSUMGT
cchadebe,local-user,group:ATSUMGT,ATSUMGT
olafourc,local-user,group:AW101,AW101
dmechain,local-user,group:AW101,AW101
sgiraud,local-user,group:AW101,AW101
taguet,local-user,group:AW101,AW101
cleblanc,local-user,group:AW101,AW101
jarnoux,local-user,group:AW101,AW101
mchanfre,local-user,group:AW101,AW101
plorho,local-user,group:AW101,AW101
bbidenne,local-user,group:AW101,AW101
xerrando,local-user,group:AW101,AW101
droques,local-user,group:AW101,AW101
rthieuli,local-user,group:AW101,AW101
fguiller,local-user,group:AW101,AW101
lmaes,local-user,group:AW101,AW101
pcuiller,local-user,group:AW101,AW101
fmartin,local-user,group:AW101,AW101
sleliev1,local-user,group:AW101,AW101
otrehard,local-user,group:AW101,AW101
fjouhaud,local-user,group:AW101,AW101
adeniau,local-user,group:AW101,AW101
ebitar,local-user,group:AW101,AW101
pcouderc,local-user,group:AW101,AW101
sdagosti,local-user,group:AW101,AW101
fgirbal,local-user,group:AW101,AW101
aserrat,local-user,group:AW101,AW101
mroux,local-user,group:AW101,AW101
mbourgeo,local-user,group:AW101,AW101
fbrignol,local-user,group:AW101,AW101
ecorbi,local-user,group:AW101,AW101
gthullie,local-user,group:AW101,AW101
fkoppe,local-user,group:AW101,AW101
jneufabe,local-user,group:AW101,AW101
olafourc,local-user,group:AW101_SVN,AW101_SVN
odallaro,local-user,group:AW101_SVN,AW101_SVN
pcuiller,local-user,group:AW101_SVN,AW101_SVN
fmartin,local-user,group:AW101_SVN,AW101_SVN
otrehard,local-user,group:AW101_SVN,AW101_SVN
olafourc,local-user,group:AW149_SVN,AW149_SVN
odallaro,local-user,group:AW149_SVN,AW149_SVN
fdelbary,local-user,group:CINS,CINS
dmechain,local-user,group:CINS,CINS
msabell1,local-user,group:CINS,CINS
fmoulin,local-user,group:CINS,CINS
vmassias,local-user,group:CINS,CINS
sdagosti,local-user,group:CINS,CINS
ajeanjea,local-user,group:CINS,CINS
lparfait,local-user,group:CINS,CINS
fdeweulf,local-user,group:CINS,CINS
ftrincal,local-user,group:CINS,CINS
dbonnefi,local-user,group:CINS,CINS
dnottin,local-user,group:CINS,CINS
slapeyre,local-user,group:CINS,CINS
ccibert,local-user,group:CMMI_SITE_DEV,CMMI_SITE_DEV
jcazeils,local-user,group:CMMI_SITE_DEV,CMMI_SITE_DEV
www-data,local-user,group:CMMI_SITE_DEV,CMMI_SITE_DEV
odallaro,local-user,group:CMMI_SITE_DEV,CMMI_SITE_DEV
dngo,local-user,group:COSS,COSS
lsoyer,local-user,group:COSS,COSS
fwandels,local-user,group:COSS,COSS
oservian,local-user,group:DCU_SVN,DCU_SVN
odallaro,local-user,group:DCU_SVN,DCU_SVN
dvivier,local-user,group:DLK_CVS,DLK_CVS
llamonta,local-user,group:DLK_CVS,DLK_CVS
mdelort,local-user,group:DLK_CVS,DLK_CVS
egomez,local-user,group:DLK_CVS,DLK_CVS
mcatteau,local-user,group:DLK_CVS,DLK_CVS
mvenier,local-user,group:DLK_CVS,DLK_CVS
gdecroue,local-user,group:DLK_CVS,DLK_CVS
vhubert,local-user,group:DLP,DLP
mvenier,local-user,group:DLP,DLP
jpouzet,local-user,group:DLP,DLP
vhubert,local-user,group:DLP_L16,DLP_L16
jpouzet,local-user,group:DLP_L16,DLP_L16
ehatchon,local-user,group:DTSC,DTSC
dngo,local-user,group:DTS_CONTROLLER,DTS_CONTROLLER
jpouzet,local-user,group:DTS_CONTROLLER,DTS_CONTROLLER
pcazalbo,local-user,group:ECLAIR,ECLAIR
bpourrec,local-user,group:ECLAIR,ECLAIR
tgiraldi,local-user,group:ECLAIR,ECLAIR
ajeanjea,local-user,group:ECLAIR,ECLAIR
ftrincal,local-user,group:EFBC2,EFBC2
ajeanjea,local-user,group:EFBC2,EFBC2
olafourc,local-user,group:EFIS,EFIS
cleblanc,local-user,group:EFIS,EFIS
jarnoux,local-user,group:EFIS,EFIS
plorho,local-user,group:EFIS,EFIS
taguet,local-user,group:EFIS,EFIS
mescande,local-user,group:EFIS,EFIS
rthieuli,local-user,group:EFIS,EFIS
xerrando,local-user,group:EFIS,EFIS
lmaes,local-user,group:EFIS,EFIS
sleliev1,local-user,group:EFIS,EFIS
fmoulin,local-user,group:EFIS,EFIS
lvidal,local-user,group:EFIS,EFIS
ecorbi,local-user,group:EFIS,EFIS
gthullie,local-user,group:EFIS,EFIS
jneufabe,local-user,group:EFIS,EFIS
phebrard,local-user,group:EFIS,EFIS
ravsec,local-user,group:EFIS,EFIS
ecadic,local-user,group:ET-pdmgroup,ET-pdmgroup
ccibert,local-user,group:ET-pdmgroup,ET-pdmgroup
dmechain,local-user,group:ET-pdmgroup,ET-pdmgroup
dressige,local-user,group:ET-pdmgroup,ET-pdmgroup
mguy,local-user,group:ET-pdmgroup,ET-pdmgroup
pcau,local-user,group:ET-pdmgroup,ET-pdmgroup
plombard,local-user,group:ETCTEST_SVN,ETCTEST_SVN
oletoume,local-user,group:ETCTEST_SVN,ETCTEST_SVN
odallaro,local-user,group:ETCTEST_SVN,ETCTEST_SVN
fmartin,local-user,group:ETCTEST_SVN,ETCTEST_SVN
ehatchon,local-user,group:FD2_TEAM,FD2_TEAM
oservian,local-user,group:FD2_TEAM,FD2_TEAM
lbaules,local-user,group:FD2_TEAM,FD2_TEAM
odallaro,local-user,group:FMCWSF_SVN,FMCWSF_SVN
odallaro,local-user,group:FSTASecu_SVN,FSTASecu_SVN
jlephay,local-user,group:FSTASecu_SVN,FSTASecu_SVN
lleonard,local-user,group:FSTASecu_SVN,FSTASecu_SVN
odallaro,local-user,group:IMS_SVN,IMS_SVN
laudoune,local-user,group:IMS_SVN,IMS_SVN
fmoulin,local-user,group:IMS_SVN,IMS_SVN
vhubert,local-user,group:ISDR,ISDR
xesneu,local-user,group:ISDR,ISDR
fmaison,local-user,group:ISDR,ISDR
dngo,local-user,group:ISDR,ISDR
ehatchon,local-user,group:ISDR,ISDR
cherrero,local-user,group:ISDR,ISDR
hyuan,local-user,group:ISDR,ISDR
bbordona,local-user,group:ISDR,ISDR
fmaison,local-user,group:ISDR_SVN,ISDR_SVN
odallaro,local-user,group:ISDR_SVN,ISDR_SVN
mvenier,local-user,group:ISOCRATE,ISOCRATE
fmartin,local-user,group:ISOCRATE,ISOCRATE
lleonard,local-user,group:ISOCRATE,ISOCRATE
lsoyer,local-user,group:JTRS,JTRS
vhubert,local-user,group:L22MODEM,L22MODEM
dngo,local-user,group:L22MODEM,L22MODEM
jpouzet,local-user,group:L22MODEM,L22MODEM
ehatchon,local-user,group:L22MODEM,L22MODEM
prouquie,local-user,group:L22MODEM,L22MODEM
lsoyer,local-user,group:L22MODEM,L22MODEM
xpoulet,local-user,group:MOWGLY,MOWGLY
laudoune,local-user,group:MOWGLY,MOWGLY
fmoulin,local-user,group:MOWGLY,MOWGLY
sgasnier,local-user,group:MOWGLY,MOWGLY
lcardon,local-user,group:MPU,MPU
tgiraldi,local-user,group:MPU,MPU
dbonnefi,local-user,group:MPU,MPU
oservian,local-user,group:MPU,MPU
oletoume,local-user,group:MPU,MPU
mchanfre,local-user,group:RCU,RCU
cleblanc,local-user,group:RCU,RCU
mescande,local-user,group:RCU,RCU
pfaguet,local-user,group:RCU,RCU
vracaud,local-user,group:RCU,RCU
tgiraldi,local-user,group:RCU,RCU
oblacher,local-user,group:RCU,RCU
oletoume,local-user,group:RCU,RCU
rchabane,local-user,group:RCU,RCU
smontroz,local-user,group:RCU,RCU
fjouhaud,local-user,group:RCU,RCU
fmartin,local-user,group:RCU,RCU
cchadebe,local-user,group:RCU,RCU
sleliev1,local-user,group:RCU,RCU
scolombi,local-user,group:RCU,RCU
vmassias,local-user,group:RCU,RCU
pcouderc,local-user,group:RCU,RCU
plombard,local-user,group:RCU,RCU
sborrel,local-user,group:RCU,RCU
ecorbi,local-user,group:RCU,RCU
lkaman,local-user,group:RCU,RCU
fkoppe,local-user,group:RCU,RCU
gthullie,local-user,group:RCU,RCU
oletoume,local-user,group:RCU4000_SVN,RCU4000_SVN
plombard,local-user,group:RCU4000_SVN,RCU4000_SVN
odallaro,local-user,group:RCU4000_SVN,RCU4000_SVN
sleliev1,local-user,group:RCU4000_SVN,RCU4000_SVN
lbaules,local-user,group:RCU_CTL,RCU_CTL
dressige,local-user,group:RCU_CTL,RCU_CTL
oletoume,local-user,group:RCU_CTL,RCU_CTL
mroux,local-user,group:RCU_CTL,RCU_CTL
rchabane,local-user,group:RCU_CTL,RCU_CTL
sleliev1,local-user,group:RCU_CTL,RCU_CTL
ehatchon,local-user,group:RDMODEM,RDMODEM
rracaud,local-user,group:RDMODEM,RDMODEM
ehatchon,local-user,group:RF_Test_Waveform,RF_Test_Waveform
cleblanc,local-user,group:RMS,RMS
mchanfre,local-user,group:RMS,RMS
mescande,local-user,group:RMS,RMS
pfaguet,local-user,group:RMS,RMS
tgiraldi,local-user,group:RMS,RMS
vracaud,local-user,group:RMS,RMS
nelmayan,local-user,group:RMS,RMS
oblacher,local-user,group:RMS,RMS
oletoume,local-user,group:RMS,RMS
odallaro,local-user,group:RMS,RMS
cchadebe,local-user,group:RMS,RMS
fjouhaud,local-user,group:RMS,RMS
fmartin,local-user,group:RMS,RMS
rchabane,local-user,group:RMS,RMS
smontroz,local-user,group:RMS,RMS
scolombi,local-user,group:RMS,RMS
pcouderc,local-user,group:RMS,RMS
vmassias,local-user,group:RMS,RMS
plombard,local-user,group:RMS,RMS
ecorbi,local-user,group:RMS,RMS
fkoppe,local-user,group:RMS,RMS
lkaman,local-user,group:RMS,RMS
phebrard,local-user,group:RMS,RMS
sborrel,local-user,group:RMS,RMS
scolombi,local-user,group:RMSEFIS,RMSEFIS
cleblanc,local-user,group:RMSEFIS,RMSEFIS
mescande,local-user,group:RMSEFIS,RMSEFIS
oblacher,local-user,group:RMSEFIS,RMSEFIS
plombard,local-user,group:RMSEFIS,RMSEFIS
oletoume,local-user,group:RMSEFIS,RMSEFIS
rchabane,local-user,group:RMSEFIS,RMSEFIS
sborrel,local-user,group:RMSEFIS,RMSEFIS
ecorbi,local-user,group:RMSEFIS,RMSEFIS
lkaman,local-user,group:RMSEFIS,RMSEFIS
fmartin,local-user,group:RMSEFIS,RMSEFIS
dngo,local-user,group:RNAF,RNAF
mchanfre,local-user,group:RTU,RTU
cleblanc,local-user,group:RTU,RTU
mescande,local-user,group:RTU,RTU
pfaguet,local-user,group:RTU,RTU
vracaud,local-user,group:RTU,RTU
tgiraldi,local-user,group:RTU,RTU
oblacher,local-user,group:RTU,RTU
oletoume,local-user,group:RTU,RTU
rchabane,local-user,group:RTU,RTU
smontroz,local-user,group:RTU,RTU
fjouhaud,local-user,group:RTU,RTU
fmartin,local-user,group:RTU,RTU
cchadebe,local-user,group:RTU,RTU
sleliev1,local-user,group:RTU,RTU
wcottavo,local-user,group:RTU,RTU
scolombi,local-user,group:RTU,RTU
vmassias,local-user,group:RTU,RTU
pcouderc,local-user,group:RTU,RTU
plombard,local-user,group:RTU,RTU
sborrel,local-user,group:RTU,RTU
ecorbi,local-user,group:RTU,RTU
lkaman,local-user,group:RTU,RTU
fkoppe,local-user,group:RTU,RTU
gthullie,local-user,group:RTU,RTU
ccibert,local-user,group:SEPG,SEPG
olafourc,local-user,group:SEPG,SEPG
jcazeils,local-user,group:SEPG,SEPG
jcazemaj,local-user,group:SEPG,SEPG
plombard,local-user,group:SEPG,SEPG
odallaro,local-user,group:SEPG,SEPG
mvenier,local-user,group:STNA,STNA
ccibert,local-user,group:SVN_ADM,SVN_ADM
jcazeils,local-user,group:SVN_ADM,SVN_ADM
www-data,local-user,group:SVN_ADM,SVN_ADM
gadrmt,local-user,group:SVN_ADM,SVN_ADM
pcazalbo,local-user,group:TBGU,TBGU
tgiraldi,local-user,group:TBGU,TBGU
ajeanjea,local-user,group:TBGU,TBGU
bpourrec,local-user,group:TBGU,TBGU
cchadebe,local-user,group:TBGU,TBGU
pcazalbo,local-user,group:TBGU_BUL,TBGU_BUL
bpourrec,local-user,group:TBGU_BUL,TBGU_BUL
tgiraldi,local-user,group:TBGU_BUL,TBGU_BUL
ajeanjea,local-user,group:TBGU_BUL,TBGU_BUL
fcomte,local-user,group:TBRSC,TBRSC
tgiraldi,local-user,group:TBRSC,TBRSC
nammour,local-user,group:TBRSC,TBRSC
marnaud,local-user,group:TBRSC,TBRSC
dbonnefi,local-user,group:TBRSC,TBRSC
dngo,local-user,group:TRANSFOST2,TRANSFOST2
ehatchon,local-user,group:VMMR,VMMR
rracaud,local-user,group:VMMR,VMMR
rthieuli,local-user,group:VMMR,VMMR
shamard,local-user,group:VMMR,VMMR
ethomas,local-user,group:VMMR,VMMR
fjouhaud,local-user,group:VMMR,VMMR
ravsec,local-user,group:VMMR,VMMR
ccibert,local-user,group:WWW_ADM,WWW_ADM
jcazeils,local-user,group:WWW_ADM,WWW_ADM
fdeweulf,local-user,group:WWW_ADM,WWW_ADM
www-data,local-user,group:WWW_ADM,WWW_ADM
odallaro,local-user,group:WWW_ADM,WWW_ADM
dgourion,local-user,group:a330_fsta,a330_fsta
vmassias,local-user,group:a330_fsta,a330_fsta
sdagosti,local-user,group:a330_fsta,a330_fsta
lleonard,local-user,group:a330_fsta,a330_fsta
ssevestr,local-user,group:a330_fsta,a330_fsta
ftrincal,local-user,group:a330_fsta,a330_fsta
mbourgeo,local-user,group:a330_fsta,a330_fsta
jlephay,local-user,group:a330_fsta,a330_fsta
ctsan1,local-user,group:a350cgwp,a350cgwp
ecadic,local-user,group:a350imo_int,a350imo_int
fblanche,local-user,group:a350imo_int,a350imo_int
dmechain,local-user,group:a350imo_int,a350imo_int
dngo,local-user,group:a350imo_int,a350imo_int
dgourion,local-user,group:a350imo_int,a350imo_int
vchaumei,local-user,group:a350imo_int,a350imo_int
droques,local-user,group:a350imo_int,a350imo_int
mdelort,local-user,group:a350imo_int,a350imo_int
llamonta,local-user,group:a350imo_int,a350imo_int
vmassias,local-user,group:a350imo_int,a350imo_int
ajeanjea,local-user,group:a350imo_int,a350imo_int
ctsan1,local-user,group:a350imo_int,a350imo_int
mfremau2,local-user,group:a350imo_int,a350imo_int
efeuvrie,local-user,group:a350imo_int,a350imo_int
rdavies,local-user,group:a350imo_int,a350imo_int
ecadic,local-user,group:a350imo_sys,a350imo_sys
oantoine,local-user,group:a350imo_sys,a350imo_sys
polive,local-user,group:a350imo_sys,a350imo_sys
dngo,local-user,group:a350imo_sys,a350imo_sys
pmonnie,local-user,group:a350imo_sys,a350imo_sys
dgourion,local-user,group:a350imo_sys,a350imo_sys
droques,local-user,group:a350imo_sys,a350imo_sys
mdelort,local-user,group:a350imo_sys,a350imo_sys
llamonta,local-user,group:a350imo_sys,a350imo_sys
vmassias,local-user,group:a350imo_sys,a350imo_sys
ajeanjea,local-user,group:a350imo_sys,a350imo_sys
nteisser,local-user,group:a350imo_sys,a350imo_sys
rblondin,local-user,group:a350imo_sys,a350imo_sys
mfremau2,local-user,group:a350imo_sys,a350imo_sys
acr_cof,local-user,group:acra350_svn,acra350_svn
nmoutrou,local-user,group:acreval_svn,acreval_svn
xpoulet,local-user,group:acreval_svn,acreval_svn
dvivier,local-user,group:acrpgm,acrpgm
mdelort,local-user,group:acrpgm,acrpgm
egomez,local-user,group:acrpgm,acrpgm
mvenier,local-user,group:acrpgm,acrpgm
abrossar,local-user,group:acrpgm,acrpgm
cchadebe,local-user,group:acrpgm,acrpgm
vhubert,local-user,group:adlp,adlp
nane,local-user,group:adlp,adlp
jpouzet,local-user,group:adlp,adlp
ajeanjea,local-user,group:adlp,adlp
mfremau2,local-user,group:adlp,adlp
jpouzet,local-user,group:adlpmgr,adlpmgr
djelloul,local-user,group:adlpmgr,adlpmgr
vmassias,local-user,group:afis,afis
simusiu,local-user,group:afis,afis
odallaro,local-user,group:afis,afis
plievin,local-user,group:afis,afis
cchadebe,local-user,group:afis,afis
ccibert,local-user,group:ains5x,ains5x
nane,local-user,group:ains5x,ains5x
dgourion,local-user,group:ains5x,ains5x
fwandels,local-user,group:ains5x,ains5x
builder1,local-user,group:ains5x,ains5x
vmassias,local-user,group:ains5x,ains5x
lvidal,local-user,group:ains5x,ains5x
sdagosti,local-user,group:ains5x,ains5x
ajeanjea,local-user,group:ains5x,ains5x
lleonard,local-user,group:ains5x,ains5x
lparfait,local-user,group:ains5x,ains5x
asabeg,local-user,group:ains5x,ains5x
odallaro,local-user,group:ains5x,ains5x
fcrestey,local-user,group:ains5x,ains5x
mbourgeo,local-user,group:ains5x,ains5x
fblanche,local-user,group:ains6x,ains6x
ccibert,local-user,group:ains6x,ains6x
fwandels,local-user,group:ains6x,ains6x
lleonard,local-user,group:ains6x,ains6x
sloisel,local-user,group:ains6x,ains6x
lparfait,local-user,group:ains6x,ains6x
jliverne,local-user,group:ains6x,ains6x
asabeg,local-user,group:ains6x,ains6x
ngocel,local-user,group:ains6x,ains6x
dbonnefi,local-user,group:ains6x,ains6x
wcottavo,local-user,group:ains6x,ains6x
dgourion,local-user,group:ains6x,ains6x
vmassias,local-user,group:ains6x,ains6x
ajeanjea,local-user,group:ains6x,ains6x
ndelrieu,local-user,group:ains6x,ains6x
fmoulin,local-user,group:ains6x,ains6x
mbourgeo,local-user,group:ains6x,ains6x
plorho,local-user,group:amsbench,amsbench
fdaviere,local-user,group:amsbench,amsbench
ebitar,local-user,group:amsbench,amsbench
fazum,local-user,group:amsbench,amsbench
gmaccari,local-user,group:amsbench,amsbench
jneufabe,local-user,group:amsbench,amsbench
yverley,local-user,group:aoc350,aoc350
cdindart,local-user,group:aoc350,aoc350
gdecroue,local-user,group:aoc350,aoc350
tteres,local-user,group:aoc350,aoc350
mfremau2,local-user,group:aoc350,aoc350
bmaret,local-user,group:aoc350,aoc350
gmichaud,local-user,group:aoc350,aoc350
mvenier,local-user,group:aoc380,aoc380
dvivier,local-user,group:aoc380,aoc380
egomez,local-user,group:aoc380,aoc380
dvivier,local-user,group:aoc380_mgt,aoc380_mgt
llamonta,local-user,group:aoc380_mgt,aoc380_mgt
egomez,local-user,group:aoc380_mgt,aoc380_mgt
fdeweulf,local-user,group:aoc380_mgt,aoc380_mgt
gdecroue,local-user,group:aoc380_mgt,aoc380_mgt
mcatteau,local-user,group:aoc380_mgt,aoc380_mgt
dvivier,local-user,group:aoc380_rcf,aoc380_rcf
bchaigne,local-user,group:aoc380_rcf,aoc380_rcf
llamonta,local-user,group:aoc380_rcf,aoc380_rcf
prouquie,local-user,group:aoc380_rcf,aoc380_rcf
egomez,local-user,group:aoc380_rcf,aoc380_rcf
pcouderc,local-user,group:aoc380_rcf,aoc380_rcf
fdeweulf,local-user,group:aoc380_rcf,aoc380_rcf
mvenier,local-user,group:aoc380_rcf,aoc380_rcf
mcatteau,local-user,group:aoc380_rcf,aoc380_rcf
dbonnefi,local-user,group:aoc380_rcf,aoc380_rcf
gdecroue,local-user,group:aoc380_rcf,aoc380_rcf
cchadebe,local-user,group:aoc380_rcf,aoc380_rcf
fmaison,local-user,group:aoc380_shr,aoc380_shr
pmonnie,local-user,group:aoc380_shr,aoc380_shr
dvivier,local-user,group:aoc380_shr,aoc380_shr
fwillig,local-user,group:aoc380_shr,aoc380_shr
llamonta,local-user,group:aoc380_shr,aoc380_shr
pcouderc,local-user,group:aoc380_shr,aoc380_shr
prouquie,local-user,group:aoc380_shr,aoc380_shr
egomez,local-user,group:aoc380_shr,aoc380_shr
fdeweulf,local-user,group:aoc380_shr,aoc380_shr
mvenier,local-user,group:aoc380_shr,aoc380_shr
mcatteau,local-user,group:aoc380_shr,aoc380_shr
dbonnefi,local-user,group:aoc380_shr,aoc380_shr
odallaro,local-user,group:aoc380_shr,aoc380_shr
cchadebe,local-user,group:aoc380_shr,aoc380_shr
tteres,local-user,group:aoc380_shr,aoc380_shr
ldemont,local-user,group:aoc900,aoc900
cterrat,local-user,group:aoc900,aoc900
pmonnie,local-user,group:aoc900,aoc900
dvivier,local-user,group:aoc900,aoc900
pcouderc,local-user,group:aoc900,aoc900
egomez,local-user,group:aoc900,aoc900
mcatteau,local-user,group:aoc900,aoc900
oblacher,local-user,group:aoc900,aoc900
cchadebe,local-user,group:aoc900,aoc900
tteres,local-user,group:aoc900,aoc900
operrier,local-user,group:asp,asp
fazum,local-user,group:asp,asp
rthieuli,local-user,group:asp,asp
sgasnier,local-user,group:asp,asp
plievin,local-user,group:asp,asp
ethomas,local-user,group:asp,asp
ravsec,local-user,group:asp,asp
abrossar,local-user,group:asp,asp
cchadebe,local-user,group:asp,asp
smontroz,local-user,group:asp,asp
ecadic,local-user,group:atfproj,atfproj
dmechain,local-user,group:atfproj,atfproj
plombard,local-user,group:atfproj,atfproj
tgiraldi,local-user,group:atfproj,atfproj
E40063586,local-user,group:atn_airtel,atn_airtel
pmonnie,local-user,group:atn_airtel,atn_airtel
pdubois,local-user,group:atn_airtel,atn_airtel
llamonta,local-user,group:atn_airtel,atn_airtel
atn_tst,local-user,group:atn_airtel,atn_airtel
tteres,local-user,group:atn_airtel,atn_airtel
cchadebe,local-user,group:atn_airtel,atn_airtel
mfremau2,local-user,group:atn_airtel,atn_airtel
recette,local-user,group:atn_airtel,atn_airtel
E40050791,local-user,group:atsu,atsu
jfernand,local-user,group:atsu,atsu
E40063586,local-user,group:atsu,atsu
pmonnie,local-user,group:atsu,atsu
pdubois,local-user,group:atsu,atsu
llamonta,local-user,group:atsu,atsu
atn_tst,local-user,group:atsu,atsu
atsu,local-user,group:atsu,atsu
tteres,local-user,group:atsu,atsu
cchadebe,local-user,group:atsu,atsu
mfremau2,local-user,group:atsu,atsu
recette,local-user,group:atsu,atsu
pdubois,local-user,group:atsuatos,atsuatos
E40050791,local-user,group:autotools,autotools
acradm,local-user,group:autotools,autotools
jfernand,local-user,group:autotools,autotools
fbousson,local-user,group:autotools,autotools
E40063586,local-user,group:autotools,autotools
nane,local-user,group:autotools,autotools
bchateau,local-user,group:autotools,autotools
fwandels,local-user,group:autotools,autotools
sloisel,local-user,group:autotools,autotools
smontroz,local-user,group:autotools,autotools
fjouhaud,local-user,group:autotools,autotools
cchadebe,local-user,group:autotools,autotools
nmoutrou,local-user,group:autotools,autotools
builder1,local-user,group:autotools,autotools
sdagosti,local-user,group:autotools,autotools
lvidal,local-user,group:autotools,autotools
vmassias,local-user,group:autotools,autotools
ajeanjea,local-user,group:autotools,autotools
mbourgeo,local-user,group:autotools,autotools
nteisser,local-user,group:autotools,autotools
xpoulet,local-user,group:autotools,autotools
ccibert,local-user,group:bdadmin,bdadmin
postgres,local-user,group:bdadmin,bdadmin
odallaro,local-user,group:bdadmin,bdadmin
fdeweulf,local-user,group:caronline,caronline
mguy,local-user,group:caronline,caronline
prouzies,local-user,group:caronline,caronline
tomcat,local-user,group:caronline,caronline
pcau,local-user,group:caronline,caronline
ecadic,local-user,group:cleopatra,cleopatra
cimbert,local-user,group:cleopatra,cleopatra
xesneu,local-user,group:cnpc,cnpc
dmechain,local-user,group:cnpc,cnpc
bbordona,local-user,group:cnpc,cnpc
ldemont,local-user,group:coframi,coframi
gdecroue,local-user,group:coframi,coframi
llamonta,local-user,group:coframi,coframi
nane,local-user,group:comac,comac
jchabre1,local-user,group:comac,comac
tteres,local-user,group:comac,comac
vhubert,local-user,group:cp140,cp140
jpouzet,local-user,group:cp140,cp140
ajeanjea,local-user,group:cp140,cp140
mvenier,local-user,group:cp140,cp140
cchadebe,local-user,group:cp140,cp140
olafourc,local-user,group:crcvs,crcvs
apache,local-user,group:crcvs,crcvs
mdelort,local-user,group:crcvs,crcvs
www-data,local-user,group:crcvs,crcvs
plombard,local-user,group:crcvs,crcvs
mroux,local-user,group:crcvs,crcvs
smontroz,local-user,group:crcvs,crcvs
tteres,local-user,group:crcvs,crcvs
fmartin,local-user,group:crcvs,crcvs
olafourc,local-user,group:cursus,cursus
ccibert,local-user,group:dbd-squore,dbd-squore
squore,local-user,group:dbd-squore,dbd-squore
admindt,local-user,group:dbd-squore,dbd-squore
jcazemaj,local-user,group:dbd-squore,dbd-squore
squoredv,local-user,group:dbd-squore,dbd-squore
jenkins,local-user,group:dbd-squore,dbd-squore
bchaigne,local-user,group:dcr,dcr
prouquie,local-user,group:dcr,dcr
cherrero,local-user,group:dcr,dcr
lievin,local-user,group:dcr,dcr
jlephay,local-user,group:dcr,dcr
glapoint,local-user,group:dcr,dcr
fmartin,local-user,group:dcr,dcr
cchadebe,local-user,group:dcr,dcr
lluu,local-user,group:dfinder2_svn,dfinder2_svn
lluu,local-user,group:dfinder_svn,dfinder_svn
jfernand,local-user,group:dtachats,dtachats
jcazeils,local-user,group:dtachats,dtachats
mfradin,local-user,group:dtachats,dtachats
aocweb,local-user,group:dtachats,dtachats
wcottavo,local-user,group:dtachats,dtachats
testnbf,local-user,group:dtachats,dtachats
lcardon,local-user,group:dtbe,dtbe
dressige,local-user,group:dtbe,dtbe
ccibert,local-user,group:dtprod,dtprod
dmechain,local-user,group:dtprod,dtprod
polive,local-user,group:dtprod,dtprod
pcazalbo,local-user,group:dtprod,dtprod
ehatchon,local-user,group:dtprod,dtprod
bchateau,local-user,group:dtprod,dtprod
lbaules,local-user,group:dtprod,dtprod
lsantin,local-user,group:dtprod,dtprod
agautier,local-user,group:dtprod,dtprod
jpouzet,local-user,group:dtprod,dtprod
tgiraldi,local-user,group:dtprod,dtprod
mguy,local-user,group:dtprod,dtprod
mescande,local-user,group:dtprod,dtprod
mdomiati,local-user,group:dtprod,dtprod
vracaud,local-user,group:dtprod,dtprod
oletoume,local-user,group:dtprod,dtprod
prouzies,local-user,group:dtprod,dtprod
dbonnefi,local-user,group:dtprod,dtprod
cpottier,local-user,group:dtprod,dtprod
asabeg,local-user,group:dtprod,dtprod
rchabane,local-user,group:dtprod,dtprod
cimbert,local-user,group:dtprod,dtprod
fmartin,local-user,group:dtprod,dtprod
wcottavo,local-user,group:dtprod,dtprod
ecaestec,local-user,group:dtprod,dtprod
hlalanne,local-user,group:dtprod,dtprod
lcardon,local-user,group:dtprod,dtprod
rracaud,local-user,group:dtprod,dtprod
dressige,local-user,group:dtprod,dtprod
fgayraud,local-user,group:dtprod,dtprod
fcomte,local-user,group:dtprod,dtprod
plombard,local-user,group:dtprod,dtprod
mroux,local-user,group:dtprod,dtprod
ssevestr,local-user,group:dtprod,dtprod
fcrestey,local-user,group:dtprod,dtprod
fmorel,local-user,group:dtprod,dtprod
lluu,local-user,group:dtprod,dtprod
lbeaufre,local-user,group:dtprod,dtprod
oletoume,local-user,group:etcmgt,etcmgt
oblacher,local-user,group:etcmgt,etcmgt
plombard,local-user,group:etcmgt,etcmgt
ecorbi,local-user,group:etcmgt,etcmgt
fmartin,local-user,group:etcmgt,etcmgt
ccibert,local-user,group:etcprj,etcprj
jcazeils,local-user,group:etcprj,etcprj
flescuye,local-user,group:etcprj,etcprj
cleblanc,local-user,group:etcprj,etcprj
tgiraldi,local-user,group:etcprj,etcprj
pfaguet,local-user,group:etcprj,etcprj
vracaud,local-user,group:etcprj,etcprj
fdeweulf,local-user,group:etcprj,etcprj
oletoume,local-user,group:etcprj,etcprj
nelmayan,local-user,group:etcprj,etcprj
oblacher,local-user,group:etcprj,etcprj
odallaro,local-user,group:etcprj,etcprj
fjouhaud,local-user,group:etcprj,etcprj
fmartin,local-user,group:etcprj,etcprj
rchabane,local-user,group:etcprj,etcprj
smontroz,local-user,group:etcprj,etcprj
cchadebe,local-user,group:etcprj,etcprj
sleliev1,local-user,group:etcprj,etcprj
smilhau,local-user,group:etcprj,etcprj
scolombi,local-user,group:etcprj,etcprj
vmassias,local-user,group:etcprj,etcprj
pcouderc,local-user,group:etcprj,etcprj
fperez,local-user,group:etcprj,etcprj
halloza,local-user,group:etcprj,etcprj
plombard,local-user,group:etcprj,etcprj
lkaman,local-user,group:etcprj,etcprj
phebrard,local-user,group:etcprj,etcprj
sborrel,local-user,group:etcprj,etcprj
efeuvrie,local-user,group:etcprj,etcprj
smontroz,local-user,group:expertsoft,expertsoft
tteres,local-user,group:expertsoft,expertsoft
fjouhaud,local-user,group:expertsoft,expertsoft
xesneu,local-user,group:hfmess,hfmess
tbesagni,local-user,group:hfmess,hfmess
fmaison,local-user,group:i2s,i2s
nane,local-user,group:i2s,i2s
bchaigne,local-user,group:i2s,i2s
sdagosti,local-user,group:i2s,i2s
vmassias,local-user,group:i2s,i2s
pcouderc,local-user,group:i2s,i2s
mvenier,local-user,group:i2s,i2s
smontroz,local-user,group:i2s,i2s
fmartin,local-user,group:i2s,i2s
cchadebe,local-user,group:i2s,i2s
sgasnier,local-user,group:i2s,i2s
prouzies,local-user,group:indus,indus
pcau,local-user,group:indus,indus
prouzies,local-user,group:indusdev,indusdev
pcau,local-user,group:indusdev,indusdev
apache,local-user,group:indusdev,indusdev
dmechain,local-user,group:indusmgr,indusmgr
pcau,local-user,group:indusmgr,indusmgr
apache,local-user,group:indusmgr,indusmgr
lguillot,local-user,group:indusmgr,indusmgr
ecadic,local-user,group:itadmin,itadmin
ldubin,local-user,group:itadmin,itadmin
dmechain,local-user,group:itadmin,itadmin
sgay,local-user,group:itadmin,itadmin
bchaigne,local-user,group:lgwss_svn,lgwss_svn
pdubois,local-user,group:lgwss_svn,lgwss_svn
easselin,local-user,group:logsces,logsces
olafourc,local-user,group:logsces,logsces
E40052801,local-user,group:logsces,logsces
jchezeau,local-user,group:logsces,logsces
mchanfre,local-user,group:meltem,meltem
asabeg,local-user,group:meltem,meltem
vmassias,local-user,group:meltem,meltem
lkaman,local-user,group:meltem,meltem
xesneu,local-user,group:mip,mip
gthullie,local-user,group:mip,mip
ecadic,local-user,group:nagios,nagios
www-data,local-user,group:nagios,nagios
apache,local-user,group:nagios,nagios
www-data,local-user,group:nagioscmd,nagioscmd
apache,local-user,group:nagioscmd,nagioscmd
ldemont,local-user,group:nbf,nbf
dngo,local-user,group:nbf,nbf
bchaigne,local-user,group:nbf,nbf
strembli,local-user,group:nbf,nbf
lvidal,local-user,group:nbf,nbf
pcouderc,local-user,group:nbf,nbf
mdelort,local-user,group:nbf,nbf
ajeanjea,local-user,group:nbf,nbf
dbonnefi,local-user,group:nbf,nbf
cchadebe,local-user,group:nbf,nbf
mfremau2,local-user,group:nbf,nbf
jlephay,local-user,group:nbf,nbf
ecadic,local-user,group:outils,outils
ccibert,local-user,group:outils,outils
dmechain,local-user,group:outils,outils
jcazeils,local-user,group:outils,outils
fdeweulf,local-user,group:outils,outils
wcottavo,local-user,group:outils,outils
ccibert,local-user,group:outilsdt,outilsdt
dmechain,local-user,group:outilsdt,outilsdt
jcazeils,local-user,group:outilsdt,outilsdt
mguy,local-user,group:outilsdt,outilsdt
fcomte,local-user,group:outilsdt,outilsdt
odallaro,local-user,group:outilsdt,outilsdt
wcottavo,local-user,group:outilsdt,outilsdt
ecadic,local-user,group:phas,phas
polive,local-user,group:phas,phas
psalmon,local-user,group:phas,phas
bbidenne,local-user,group:phas,phas
bbordona,local-user,group:phas,phas
dressige,local-user,group:phas,phas
fgirbal,local-user,group:phas,phas
nammour,local-user,group:phas,phas
oservian,local-user,group:phas,phas
fcrestey,local-user,group:phas,phas
phebrard,local-user,group:phas,phas
lbeaufre,local-user,group:phas,phas
sgasnier,local-user,group:phas,phas
ecadic,local-user,group:psr_radar,psr_radar
xesneu,local-user,group:psr_radar,psr_radar
fmartin,local-user,group:psr_radar,psr_radar
ecadic,local-user,group:radmar,radmar
xesneu,local-user,group:radmar,radmar
dmechain,local-user,group:radmar,radmar
cimbert,local-user,group:radmar,radmar
ccibert,local-user,group:rcfadm,rcfadm
wcottavo,local-user,group:rcfadm,rcfadm
jpuy9,local-user,group:rd_radar,rd_radar
dbonnefi,local-user,group:rpu430_svn,rpu430_svn
cimbert,local-user,group:rpu430_svn,rpu430_svn
operrier,local-user,group:safee,safee
ftrincal,local-user,group:secuains,secuains
jlephay,local-user,group:secuains,secuains
cmarco,local-user,group:secuains,secuains
prouquie,local-user,group:secuains,secuains
ccibert,local-user,group:spipafis,spipafis
cherrero,local-user,group:spipafis,spipafis
ecadic,local-user,group:splat,splat
xesneu,local-user,group:splat,splat
dmechain,local-user,group:splat,splat
ldemont,local-user,group:splat,splat
jcazeils,local-user,group:srco,srco
wcottavo,local-user,group:srco,srco
fcomte,local-user,group:srco,srco
tomcat,local-user,group:tomcat,tomcat
fdeweulf,local-user,group:tomcat,tomcat
shamard,local-user,group:ts_radar,ts_radar
jpuy9,local-user,group:ts_radar,ts_radar
odallaro,local-user,group:ts_radar_svn,ts_radar_svn
fgayraud,local-user,group:uart429,uart429
marnaud,local-user,group:uart429,uart429
fmorel,local-user,group:uart429,uart429
nammour,local-user,group:uart429,uart429
dbonnefi,local-user,group:uart429,uart429
cterrat,local-user,group:vmware,vmware
ggodfrey,local-user,group:vsim,vsim
ecadic,local-user,group:waogds,waogds
xesneu,local-user,group:waogds,waogds
dmechain,local-user,group:waogds,waogds
polive,local-user,group:waogds,waogds
ggodfrey,local-user,group:waogds,waogds
egomez,local-user,group:waogds,waogds
fmitton,local-user,group:waogds,waogds
plombard,local-user,group:waogds,waogds
xpoulet,local-user,group:waogds,waogds
nammour,local-user,group:waogds,waogds
jneufabe,local-user,group:waogds,waogds
smontroz,local-user,group:waogds,waogds
otrehard,local-user,group:waogds,waogds
cimbert,local-user,group:waogds,waogds
rchabane,local-user,group:waogds,waogds
fmartin,local-user,group:waogds,waogds
xesneu,local-user,group:waows_perf,waows_perf
xesneu,local-user,group:waows_res,waows_res
xesneu,local-user,group:waows_sta,waows_sta
ggodfrey,local-user,group:waows_sta,waows_sta
fgirbal,local-user,group:waows_sta,waows_sta
fmitton,local-user,group:waows_sta,waows_sta
jneufabe,local-user,group:waows_sta,waows_sta
ccibert,local-user,group:webadmin,webadmin
dmechain,local-user,group:webadmin,webadmin
jcazeils,local-user,group:webadmin,webadmin
fdeweulf,local-user,group:webadmin,webadmin
www-data,local-user,group:webadmin,webadmin
odallaro,local-user,group:webadmin,webadmin
wcottavo,local-user,group:webadmin,webadmin
dmechain,local-user,group:wlauser,wlauser
mguy,local-user,group:wlauser,wlauser
stokatli,local-user,group:wlauser,wlauser
Defaults,local-user,sudoers,sudoers
root,local-user,sudoers,sudoers
%wheel,local-user,sudoers,sudoers
fr-726-ansible,local-user,sudoers,sudoers
dcscaf,local-user,sudoers,sudoers
fr-726-ansible,local-user,sudoers.d,sudoers
fr-726-ansible,local-user,sudoers.d,sudoers
SYS_ADM,local-user,sudoers.d,sudoers
xgsa_cmdb,ssh-user,sshd_config,ssh-allowuser
ecadic,ssh-user,sshd_config,ssh-allowuser
dmechain,ssh-user,sshd_config,ssh-allowuser
C95059561,ssh-user,sshd_config,ssh-allowuser
E40063753,ssh-user,sshd_config,ssh-allowuser
fr-726-ansible,ssh-user,sshd_config,ssh-allowuser
jfernand,ssh-user,sshd_config,ssh-allowuser
cterrat,ssh-user,sshd_config,ssh-allowuser
bfavreau,ssh-user,sshd_config,ssh-allowuser
ccibert,ssh-user,sshd_config,ssh-allowuser
jcazeils,ssh-user,sshd_config,ssh-allowuser
e40026337,ssh-user,sshd_config,ssh-allowuser
xesneu,ssh-user,sshd_config,ssh-allowuser
jhygonen,ssh-user,sshd_config,ssh-allowuser
E40020226,ssh-user,sshd_config,ssh-allowuser
fmaison,ssh-user,sshd_config,ssh-allowuser
E40063586,ssh-user,sshd_config,ssh-allowuser
E40050791,ssh-user,sshd_config,ssh-allowuser
C95043268,ssh-user,sshd_config,ssh-allowuser
C95044571,ssh-user,sshd_config,ssh-allowuser
flescuye,ssh-user,sshd_config,ssh-allowuser
pmonnie,ssh-user,sshd_config,ssh-allowuser
sgiraud,ssh-user,sshd_config,ssh-allowuser
e40087123,ssh-user,sshd_config,ssh-allowuser
c95051462,ssh-user,sshd_config,ssh-allowuser
c95044571,ssh-user,sshd_config,ssh-allowuser
nane,ssh-user,sshd_config,ssh-allowuser
